Grade,Topic,Sub Topic,Challenge Type,Challenge faced,Problem,Student's mistake prompt,Teacher's resolution- text based prompt,Teacher resolution- Interactive whiteboard prompt,Teacher resolution- Interactive whiteboard text prompt
K2,Geometry,parts of a whole,Conceptual Error,Misconception about dividing a whole,Cut a rope into 4 equal parts.,Cutting the rope unevenly because of lack of measurement.,Introduce the concept of measurement and estimation.,Show how to use a ruler to mark equal segments on the rope.,We need to measure to ensure each part is equal.
K3,Numbers and Operations,fractions as parts of a whole,Conceptual Error,Difficulty Understanding Improper Fractions,What is 5/4 as a mixed number?,Unable to convert improper fractions to mixed numbers.,Explain improper fractions by dividing wholes into parts and counting additional parts.,Convert 5/4 by illustrating with circles divided into fourths.,Let's see how many full circles we have and what's left over.
K3,Numbers and Operations,introduction to multiplication,Attention Error,Skipping a Step in Calculation,7 x 2,Jumping to an answer without proper steps.,Reinforce step-by-step problem solving.,Write each step clearly on the board.,Let's follow each step to ensure we get the right answer.
K5,Numbers and Operations,word problems involving fractions and decimals,Conceptual Error,Misunderstanding the Concept of Decimal Subtraction,Subtract 0.3 from 0.5.,Student thinks subtraction increases the number.,Clarify that subtraction decreases the value.,Visualize subtraction on a number line.,Subtracting moves you left on the number line.
K1,Measurement,Tell time,Conceptual Error,Difficulty with elapsed time,"If it is 3:00 now, what time will it be in 2 hours?",Student says 5:00 but incorrectly displays on clock.,Discuss how the hour hand moves with elapsed time.,Move hour hand from 3 to 5 on a clock face.,Let's move the hour hand together to see how time passes.
K3,Measurement,estimating and measuring masses,Attention Error,Overlooking Scale Sensitivity,Handling a sensitive digital scale roughly.,Causing inaccurate readings due to mishandling.,Teach gentle handling techniques for sensitive equipment.,Illustrate correct handling of a digital scale.,Handle with care to ensure accurate measurements!
K4,Numbers and Operations,converting fractions to/from decimals,Conceptual Error,Overgeneralizing conversion rules,1/5 = 0.15,Applying incorrect conversion rules to all fractions.,Clarify the specific steps for different types of fractions.,List steps for converting 1/5.,Divide numerator by denominator for correct conversion.
K6,Numbers and Operations,Understanding and applying ratios and rates,Conceptual Error,Misunderstanding Part-to-Whole Ratios,"In a class of 30 students, the ratio of girls to the whole class is 2:5.",Interpreting the ratio as 2 girls out of 5 students.,"Clarify that part-to-whole ratios involve the entire set, not just the parts.",Use a pie chart to illustrate part-to-whole relationships.,"Remember, the second number is the total group."
K2,Numbers and Operations,"place value concepts (hundreds, tens and ones)",Conceptual,Misinterpretation of zero in place value,Understanding the role of zero in 405,"Ignoring zero, thinking the number is 45.",Explain how zero signifies an empty place value.,Highlight the zero's position in a place value chart.,The zero means there are no tens in 405.
K4,Geometry,"identifying, measuring and classifying angles",Attention Error,Forgetting to Use Degree Symbol,The angle measures 90.,Writes the angle measurement without the degree symbol.,Remind students of the importance of using the degree symbol.,Show examples with and without degree symbols.,Remember to add the degree symbol for clarity.
K4,Data Analysis,displaying a set of data as a line plot,Conceptual Error,Difficulty Understanding Zero Frequency,"Data set: 1, 2, 4. Create a line plot.",Student adds 'X' to numbers not in the data set because they think every number needs an 'X'.,Explain that numbers not in the data set have zero frequency and don't get an 'X'.,Show numbers without 'X's to represent zero frequency.,No 'X' means that number does not appear in the data set.
K5,Geometry,volumes of 3 dimensional shapes,Conceptual Error,Misunderstanding Volume Definition,Calculate the volume of a cube with side 3 cm.,Calculating area instead of volume (3 cm * 3 cm = 9 cm²).,"Remember, volume measures how much space is inside a 3D object. It's not just length and width, but also depth.",Draw a cube and shade all sides to illustrate depth.,See how the cube fills space in all directions?
K1,Numbers and Operations,Use place value to add and subtract,Conceptual,Misinterpreting Word Problems,"If John has 5 apples and gives away 3, how many does he have?",Adding instead of subtracting due to misunderstanding the problem context.,Teach students to identify key words and phrases that indicate operations in word problems.,Highlight key words like 'gives away' to signify subtraction.,Words like 'gives away' mean we subtract.
K6,Algebra,Solving one-variable equations and inequalities,Conceptual Error,Not Understanding Variable Representation,3a = 9,Thinking 'a' is a specific number rather than a placeholder.,Clarify that variables represent unknowns that can vary.,a = 9/3 = 3,A variable is like a mystery number we need to solve for.
K6,Algebra,Writing and evaluating expressions involving variables,Conceptual Error,Misinterpreting negative signs,Simplify -x + 4 when x = 3,Ignoring the negative sign and adding x.,Discuss negative signs as indicators of opposites.,Show + and - on a number line.,Negative means the opposite direction!
K1,Numbers and Operations,Word problems within 20,Attention Error,Forgetting parts of a multi-step problem,"You have 10 marbles, lose 2, then find 3. How many now?",Ignoring one of the steps.,Guide the student through each step of the problem.,10 - 2 + 3 = ?,Let's do each part one by one to find the answer.
K5,Measurement,convert measurements between different types of units (metric and customary),Conceptual Error,Misunderstanding of Base Units,Convert 500 grams to kilograms.,Thinks grams and kilograms are unrelated.,Explain the metric system and base units.,Show the metric system chart with base units.,Grams and kilograms are related. Let’s see how they connect.
K4,Geometry,perpendicular and parallel lines,Attention to Detail,Neglecting to Identify Perpendicular Angles,Find all the right angles in the shape.,Missing some right angles due to oversight.,Highlight right angles in examples and practice finding them.,Circle and label right angles in shapes.,Right angles look like the corners of a square. Let's find them!
K8,Algebra,Analyzing and solving linear equations and systems of linear equations,Conceptual Error,Confusing slope with y-intercept,Identify the slope and y-intercept in y = 2x + 3,Mixing up the values for slope and y-intercept.,"Clarify that the slope is the coefficient of x, while y-intercept is the constant term.",Label slope and y-intercept in equation.,"Slope is the number before x, y-intercept is the standalone number."
K1,Geometry,Circles and rectangles into parts,Attention Span,Losing focus during activity,Task of coloring each part differently,Coloring outside the lines or missing parts,"It's important to stay within the lines. Let's try again, focusing on one section at a time.",Show a neatly colored circle divided into parts,Great job! Staying inside the lines makes it look neat.
K2,Numbers and Operations,adding and subtracting whole hundreds,Conceptual,Difficulty with negative results in subtraction,200 - 300,Failing to understand that the result is negative.,Explain that subtracting a larger number results in a negative outcome.,Use a number line to show negative results.,"When we subtract more than we have, we get a negative number."
K3,Numbers and Operations,"adding and subtracting within 1,000",Conceptual Error,Difficulty Estimating Sums,Estimate 245 + 678,Rounds numbers incorrectly before estimating.,Teach rounding techniques for better estimation.,Draw rounded numbers on a number line.,Rounding helps us quickly estimate large sums.
K4,Numbers and Operations,multiply fractions by a whole number,Conceptual,Not Recognizing Equivalent Fractions,Multiply 3 by 2/4,Student writes 6/4 but doesn't simplify to 3/2.,Teach how to recognize and convert to equivalent fractions.,Display equivalent fraction steps side by side.,"Great job finding the product, now simplify."
K7,Geometry,"Solving problems involving angle measure, area, surface area, and volume",Arithmetic Error,Errors in Calculating Average Angles,Find the average angle in a pentagon.,Divides total angle sum by incorrect number.,Review interior angle sum formula for polygons.,Show sum of angles formula: (n-2)*180° for n-sided polygon.,Divide total sum by number of angles.
K2,Measurement,telling time,Conceptual Error,Misunderstanding of overlapping hands,What time is it when both hands are on 12?,Saying 12:12 instead of 12 o'clock.,Explain that overlapping hands mean a full hour.,Draw overlapping hands at 12.,Overlapping hands mean it's on the hour.
K3,Measurement,measuring lengths (including in fractions of an inch),Conceptual Error,Difficulty in Visualizing Fractional Parts,Identify 1/8 inch on a diagram.,Cannot distinguish 1/8 inch from other small increments.,Use diagrammatic representations to clarify fractions.,Highlight 1/8 inch on a ruler diagram.,This small segment is 1/8 inch.
K8,Geometry,Applying the Pythagorean Theorem,Arithmetic Mistake,Mistakes in Adding Large Numbers,"Solve for c if a = 10, b = 24.",Adding 100 + 576 incorrectly.,Emphasize accuracy in addition.,Calculate 100 + 576 = 676.,Double-check your arithmetic.
K6,Geometry,"Calculating area, surface area, and volume of various shapes",Arithmetic Error,Incorrect Multiplication,Find the area of a square with side 4 cm.,Incorrect multiplication: 4 × 4 = 12.,Review basic multiplication facts with the student.,Create a multiplication grid to practice.,Let's check each step of multiplication again.
K3,Geometry,area and perimeter of irregular shapes by counting squares,Attention to Detail,Neglecting Tiny Squares,Include small sections when calculating area.,Ignoring very small squares as insignificant.,Emphasize that every square counts towards the total.,Enlarge tiny squares to highlight their importance.,Even the smallest squares are part of the area; let's count them.
K6,Algebra,Analyzing and using relationships between dependent and independent variables,Arithmetic Error,Incorrect calculation after substitution,"Calculate y = 2x + 3, when x = 4","Incorrect multiplication or addition, e.g., y = 2(4) + 3 = 10",Double-check your arithmetic operations after substitution.,Step through the calculation: y = 2(4) + 3 = 8 + 3 = 11,"Let's verify each step: 2 times 4 equals 8, plus 3 equals 11."
K1,Numbers and Operations,Working with equations,Conceptual,Difficulty in understanding word problems,Lisa has 3 apples and gets 2 more.,Misinterpreting the problem as subtraction.,Guide them to visualize the problem using drawings or physical objects.,"Draw 3 apples, then add 2 more.",How many apples does Lisa have now?
K2,Geometry,attributes of different shapes,Conceptual,Confusion with Irregular Shapes,Misidentifying irregular quadrilaterals as rectangles.,Assuming irregular shapes are regular.,Introduce regular and irregular shapes using clear examples.,Illustrate a regular and an irregular shape side by side.,Notice how this shape is not the same on all sides.
K5,Geometry,categorizing 2D shapes by various attributes,Conceptual Error,Misunderstanding Shape Properties,What makes a rectangle different from a square?,Believing they are identical due to right angles.,Compare and contrast using side length examples.,"Draw and label both shapes, emphasizing side lengths.","A rectangle can have different side lengths, but all squares are equal."
K2,Measurement,estimate lengths,Attention to Detail,Overlooking Small Increments,Estimate the length of a string.,Ignoring small increments on a ruler.,Highlight the importance of small increments in measuring.,Mark the small increments on a ruler.,"Every little line on the ruler counts, too!"
K8,Algebra,Understanding the concept of a function and using functions to describe quantitative relationships,Conceptual,Misunderstanding Composite Functions,"If f(x) = 2x and g(x) = x + 1, what is (f ∘ g)(x)?",Confusing the order of operations in composite functions.,Explain the order of operations in composite functions using simple examples.,Draw flowcharts to show the order of applying functions.,"Apply g first, then f to the result."
K8,Geometry,"Understanding congruence and similarity using physical models, transparencies, or geometry software",Analytical,Difficulty in Proofs of Similarity,Prove two triangles are similar using SSS criterion,Not showing all steps clearly or misunderstanding criteria.,"Break down proof steps, emphasizing clarity and logic.",Outline proof steps with labeled triangle parts.,Follow these logical steps to complete the proof.
K5,Numbers and Operations,multiplying and dividing by powers of ten,Conceptual Error,Misunderstanding the role of zero in multiplication,400 x 10,Dropping a zero and getting 400 instead of 4000.,Discuss how zeros in multiplication affect the place value.,Visualize zero's role with expanded form.,"Zeros hold place value, don't forget them!"
K2,Numbers and Operations,"counting to 1,000",Conceptual Error,Misunderstanding 'Less Than' Concept,Which is less: 450 or 500?,The student says 500 is less.,Explain the concept of 'less than' using number lines and visual comparisons.,Draw a number line with 450 and 500 marked.,"Notice how 450 is to the left of 500, so it's less."
K5,Measurement,multi-step word problems in measurement,Conceptual,Confusing Area with Perimeter,Calculate the area of a square with side 4 cm.,Providing a perimeter value instead of area.,Clarify the difference between area and perimeter.,Write: Area = side x side = 4 x 4,Area covers the surface; perimeter outlines the shape.
K4,Numbers and Operations,multiplication of one by 4 digits and 2 by 2 digits,Carelessness,Rushing through calculations,78 x 25,Making simple mistakes due to hasty calculations.,Encourage students to slow down and double-check their work.,Highlight areas where mistakes are often made.,Take your time to ensure each step is correct.
K1,Numbers and Operations,The meaning of the equal sign,Conceptual Error,Misunderstanding the equal sign as a signal to perform an operation,3 + 2 = ?,Thinks that the equal sign means 'add these numbers' rather than 'is the same as'.,"Explain that the equal sign shows that two amounts are the same, not that something needs to be done.",Draw a balance scale with equal weights on both sides to represent equality.,See how both sides balance? That's what the equal sign means!
K2,Numbers and Operations,word problems,Conceptual,Misunderstanding 'Total' vs. 'Difference',There are 6 cats and 4 dogs. What is the total number of animals?,Calculating difference instead of total.,Clarify the difference between 'total' and 'difference'.,"Write '6 + 4 =' for total, '6 - 4 =' for difference.",Total means we add all together.
K2,Measurement,use metric and standard units,Conceptual Error,Difficulty Understanding Relative Size,Compare the size of a liter and a gallon.,Assuming they are equal in volume.,Discuss the difference in volume between liters and gallons with visual aids.,Draw containers representing a liter and a gallon.,A gallon is larger than a liter.
K4,Numbers and Operations,writing numbers using base 10 and in expanded form,Attention,Overlooking last digits in expanded form,Write 732 in expanded form,Writing it as 730,Ensure each digit is accounted for by double-checking work.,Highlight each digit's place value.,Double-check: 700 + 30 + 2.
K2,Numbers and Operations,adding up to four 2-digit numbers,Conceptual Error,Overgeneralization from Single-Digit Addition,21 + 36 + 14 + 19,Applying single-digit strategies directly to two-digit numbers.,Highlight the differences between single and two-digit addition.,Draw examples comparing single-digit and two-digit sums.,See how we need extra steps for bigger numbers?
K8,Numbers and Operations,Understanding irrational numbers and approximating them with rational numbers,Conceptual Error,Misunderstanding of Square Roots,Is √4 an irrational number?,Classifying √4 as irrational.,Explain that square roots of perfect squares are rational.,Show the calculation of √4 = 2.,See how √4 equals a whole number?
K6,Numbers and Operations,Understanding and performing operations with multi-digit decimals,Conceptual Error,Difficulty with Estimating Decimal Operations,Estimate 3.7 + 2.95,Struggling to round numbers correctly for estimation.,Teach rounding techniques and practice estimation.,Draw number lines to show rounding processes.,Which whole numbers are closest to these decimals?
K1,Numbers and Operations,Add and subtract within 20,Conceptual Error,Confused by Double-Digit Addition,21 + 4 = ?,"Adds tens to ones, writing 25 instead of 24.",Break down the problem into tens and ones.,"Split 21 into 20 and 1, then add separately.",Handle tens and ones separately.
K4,Numbers and Operations,factors and prime factors,Conceptual Error,Difficulty with the concept of 'greatest common factor',Find the GCF of 8 and 12.,Listing all factors instead of finding GCF.,Guide through finding common factors and identifying the greatest.,"Factors of 8: 1, 2, 4, 8; Factors of 12: 1, 2, 3, 4, 6, 12.",GCF is the largest common factor.
K4,Numbers and Operations,whole numbers up to the millions,Conceptual Error,Difficulty Understanding Expanded Form,"Write 5,678,900 in expanded form.","Writing 5,000,000 + 600 + 70 + 9.",Break down each digit's value in its specific place value.,Annotate each digit's value in the number.,Let's break down the number to understand each part's value.
